id,file,extension,label
1,00-Front Binding,pdf,Front cover
2,00-001,pdf,Initial enclosure page 1
3,00-002,pdf,Initial enclosure page 2
4,00-003,pdf,Initial enclosure page 3
5,00-004,pdf,Initial enclosure page 4
6,00-005,pdf,Initial enclosure page 5
7,00-006,pdf,Initial enclosure page 6
8,00-007,pdf,Initial enclosure page 7
9,00-008,pdf,Initial enclosure page 8
10,00-009,pdf,Initial enclosure page 9
11,00-010,pdf,Initial enclosure page 10
12,00-011,pdf,Initial enclosure page 11
13,00-012,pdf,Initial enclosure page 12
14,00-013,pdf,Initial enclosure page 13
15,00-014,pdf,Initial enclosure page 14
16,00-015,pdf,Initial enclosure page 15
17,01-001,pdf,Main content page spread no. 1
18,01-002,pdf,Main content page spread no. 2
19,01-003,pdf,Main content page spread no. 3
20,01-004,pdf,Main content page spread no. 4
21,01-005,pdf,Main content page spread no. 5
22,01-006,pdf,Main content page spread no. 6
23,01-007,pdf,Main content page spread no. 7
24,01-008,pdf,Main content page spread no. 8
25,01-009,pdf,Main content page spread no. 9
26,01-010,pdf,Main content page spread no. 10
27,01-011,pdf,Main content page spread no. 11
28,01-012,pdf,Main content page spread no. 12
29,01-013,pdf,Main content page spread no. 13
30,01-014,pdf,Main content page spread no. 14
31,01-015,pdf,Main content page spread no. 15
32,01-016,pdf,Main content page spread no. 16
33,01-017,pdf,Main content page spread no. 17
34,01-018,pdf,Main content page spread no. 18
35,01-019,pdf,Main content page spread no. 19
36,01-020,pdf,Main content page spread no. 20
37,01-021,pdf,Main content page spread no. 21
38,01-022,pdf,Main content page spread no. 22
39,01-023,pdf,Main content page spread no. 23
40,01-024,pdf,Main content page spread no. 24
41,01-025,pdf,Main content page spread no. 25
42,01-026,pdf,Main content page spread no. 26
43,01-027,pdf,Main content page spread no. 27
44,01-028,pdf,Main content page spread no. 28
45,01-029,pdf,Main content page spread no. 29
46,01-030,pdf,Main content page spread no. 30
47,01-031,pdf,Main content page spread no. 31
48,01-032,pdf,Main content page spread no. 32
49,01-033,pdf,Main content page spread no. 33
50,01-034,pdf,Main content page spread no. 34
51,01-035,pdf,Main content page spread no. 35
52,01-036,pdf,Main content page spread no. 36
53,01-037,pdf,Main content page spread no. 37
54,01-038,pdf,Main content page spread no. 38
55,01-039,pdf,Main content page spread no. 39
56,01-040,pdf,Main content page spread no. 40
57,01-041,pdf,Main content page spread no. 41
58,01-042,pdf,Main content page spread no. 42
59,01-043,pdf,Main content page spread no. 43
60,01-044,pdf,Main content page spread no. 44
61,01-045,pdf,Main content page spread no. 45
62,01-046,pdf,Main content page spread no. 46
63,01-047,pdf,Main content page spread no. 47
64,01-048,pdf,Main content page spread no. 48
65,01-049,pdf,Main content page spread no. 49
66,01-050,pdf,Main content page spread no. 50
67,01-051,pdf,Main content page spread no. 51
68,01-052,pdf,Main content page spread no. 52
69,01-053,pdf,Main content page spread no. 53
70,01-054,pdf,Main content page spread no. 54
71,01-055,pdf,Main content page spread no. 55
72,01-056,pdf,Main content page spread no. 56
73,01-057,pdf,Main content page spread no. 57
74,01-058,pdf,Main content page spread no. 58
75,01-059,pdf,Main content page spread no. 59
76,01-060,pdf,Main content page spread no. 60
77,01-061,pdf,Main content page spread no. 61
78,01-062,pdf,Main content page spread no. 62
79,01-063,pdf,Main content page spread no. 63
80,01-064,pdf,Main content page spread no. 64
81,01-065,pdf,Main content page spread no. 65
82,01-066,pdf,Main content page spread no. 66
83,01-067,pdf,Main content page spread no. 67
84,01-068,pdf,Main content page spread no. 68
85,01-069,pdf,Main content page spread no. 69
86,01-070,pdf,Main content page spread no. 70
87,01-071,pdf,Main content page spread no. 71
88,01-072,pdf,Main content page spread no. 72
89,01-073,pdf,Main content page spread no. 73
90,01-074,pdf,Main content page spread no. 74
91,01-075,pdf,Main content page spread no. 75
92,01-076,pdf,Main content page spread no. 76
93,01-077,pdf,Main content page spread no. 77
94,01-078,pdf,Main content page spread no. 78
95,01-079,pdf,Main content page spread no. 79
96,01-080,pdf,Main content page spread no. 80
97,01-081,pdf,Main content page spread no. 81
98,01-082,pdf,Main content page spread no. 82
99,01-083,pdf,Main content page spread no. 83
100,01-084,pdf,Main content page spread no. 84
101,01-085,pdf,Main content page spread no. 85
102,01-086,pdf,Main content page spread no. 86
103,01-087,pdf,Main content page spread no. 87
104,01-088,pdf,Main content page spread no. 88
105,01-089,pdf,Main content page spread no. 89
106,01-090,pdf,Main content page spread no. 90
107,01-091,pdf,Main content page spread no. 91
108,01-092,pdf,Main content page spread no. 92
109,01-093,pdf,Main content page spread no. 93
110,01-094,pdf,Main content page spread no. 94
111,01-095,pdf,Main content page spread no. 95
112,01-096,pdf,Main content page spread no. 96
113,01-097,pdf,Main content page spread no. 97
114,01-098,pdf,Main content page spread no. 98
115,01-099,pdf,Main content page spread no. 99
116,01-100,pdf,Main content page spread no. 100
117,01-101,pdf,Main content page spread no. 101
118,01-102,pdf,Main content page spread no. 102
119,01-103,pdf,Main content page spread no. 103
120,01-104,pdf,Main content page spread no. 104
121,01-105,pdf,Main content page spread no. 105
122,01-106,pdf,Main content page spread no. 106
123,01-107,pdf,Main content page spread no. 107
124,01-108,pdf,Main content page spread no. 108
125,01-109,pdf,Main content page spread no. 109
126,01-110,pdf,Main content page spread no. 110
127,01-111,pdf,Main content page spread no. 111
128,01-112,pdf,Main content page spread no. 112
129,01-113,pdf,Main content page spread no. 113
130,01-114,pdf,Main content page spread no. 114
131,01-115,pdf,Main content page spread no. 115
132,01-116,pdf,Main content page spread no. 116
133,01-117,pdf,Main content page spread no. 117
134,01-118,pdf,Main content page spread no. 118
135,01-119,pdf,Main content page spread no. 119
136,01-120,pdf,Main content page spread no. 120
137,01-121,pdf,Main content page spread no. 121
138,01-122,pdf,Main content page spread no. 122
139,01-123,pdf,Main content page spread no. 123
140,01-124,pdf,Main content page spread no. 124
141,01-125,pdf,Main content page spread no. 125
142,01-126,pdf,Main content page spread no. 126
143,01-127,pdf,Main content page spread no. 127
144,01-128,pdf,Main content page spread no. 128
145,01-129,pdf,Main content page spread no. 129
146,01-130,pdf,Main content page spread no. 130
147,01-131,pdf,Main content page spread no. 131
148,01-132,pdf,Main content page spread no. 132
149,01-133,pdf,Main content page spread no. 133
150,01-134,pdf,Main content page spread no. 134
151,01-135,pdf,Main content page spread no. 135
152,01-136,pdf,Main content page spread no. 136
153,01-137,pdf,Main content page spread no. 137
154,01-138,pdf,Main content page spread no. 138
155,01-139,pdf,Main content page spread no. 139
156,01-140,pdf,Main content page spread no. 140
157,01-141,pdf,Main content page spread no. 141
158,01-142,pdf,Main content page spread no. 142
159,01-143,pdf,Main content page spread no. 143
160,01-144,pdf,Main content page spread no. 144
161,01-145,pdf,Main content page spread no. 145
162,01-146,pdf,Main content page spread no. 146
163,01-147,pdf,Main content page spread no. 147
164,01-148,pdf,Main content page spread no. 148
165,01-149,pdf,Main content page spread no. 149
166,01-150,pdf,Main content page spread no. 150
167,01-151,pdf,Main content page spread no. 151
168,01-152,pdf,Main content page spread no. 152
169,01-153,pdf,Main content page spread no. 153
170,01-154,pdf,Main content page spread no. 154
171,01-155,pdf,Main content page spread no. 155
172,01-156,pdf,Main content page spread no. 156
173,01-157,pdf,Main content page spread no. 157
174,01-158,pdf,Main content page spread no. 158
175,01-159,pdf,Main content page spread no. 159
176,01-160,pdf,Main content page spread no. 160
177,01-161,pdf,Main content page spread no. 161
178,02-001,pdf,Supplementary list no. 1
179,02-002,pdf,Supplementary list no. 2
180,02-003,pdf,Supplementary list no. 3
181,03-Back Binding,pdf,Back cover
